661482916439027712,Maun' ,La tune qu'il doit se faire KEV ADAMS en ce moment   ,1446544791000,kev adams,0
661474242366734336,numeroVI,Aladin avec le grand Kev Adams devient le plus gros succÃ¨s franÃ§ais de 2015 Je   Mais   

Je ne comprends pas https //t co/kJ1fA094F8,1446542723000,kev adams,0
661470218842152960,#unejourneavecbaba, #  #  #  #  #  #  #  #  #  #  #  kev j'en peu plus des cours prend moi avec ğŸ‘‘  @  https //t co/2nwaX9FoCc,1446541764000,kev adams,2
661465717557084160,Simon Gosselin,Un instant j'ai imaginÃ© le film avec Kev Adams et Kad Merad rÃ©alisÃ© par Jean Luc Godard  https //t co/qz49uwup0O,1446540691000,kev adams,4
661456303286415360,Julien,Super j'ai la chanson de Kev Adams dans la tÃªte maintenant N'ai je donc pas assez souffert ,1446538446000,kev adams,0
661453464053096448,Mathilde Delrez,Black M - Le prince Aladin ft Kev Adams j'adore ğŸ˜  @   https //t co/IsA6tsIRf9,1446537769000,kev adams,4
661450240164306944,Angelique, Aladin devient le + gros succÃ¨s franÃ§ais de l'annÃ©e ils peuvent remercier les ados de kev adams j'aurai dit le + gros navet de cette annÃ©e,1446537001000,kev adams,0
661442765314748417,Hadrien.,Presque 30M de vues pour BlackM et Kev Adams le prince aladin    cest bientot l'apocalypse les gars ,1446535218000,kev adams,0
661437511391121408,Minuit,J'ai rÃªvÃ© que je regardais Star Wars 7 et y'avait Kev Adams dedans ,1446533966000,kev adams,4
661431700673699840,Gd mÃ¨re Yet'â„¢,Si vous n'avez pas trop le moral ce matin pensez aux parents des fans de Kev Adams ou des One Direction  
Ã‡a va mieux ,1446532580000,kev adams,4
661426769761861632,Tout est possible, # Ã©phine je fais apparaÃ®tre Kev Adams devant moi GNEHEHEHHEHE ğŸ˜‚ğŸ˜‚ğŸ˜‚ğŸ˜ŒğŸ˜ŒğŸ˜ŒğŸ’•ğŸ˜ğŸ’•ğŸ˜ğŸ’•ğŸ˜ğŸ’•,1446531405000,kev adams,4
661358003665420290,Nacho Piatti MVP,mdr d'ou tu cast un babtou pour jouer Aladin
surtout Kev adams quoi
le film a l'air bien bien nul putain aladin kev adams quoi on est ou la,1446515010000,kev adams,0